date,AWND,PRCP,SNOW,SNWD,TAVG,TMAX,TMIN,WDF2,WDF5,WSF2,WSF5,WT01,WT02,WT03,WT04,WT05,WT06,WT08,WT09
2019-01-01,34,3,3,0,-7,11,-32,20,360,72,94,1,NULL,NULL,NULL,1,NULL,NULL,NULL
2019-01-02,39,3,3,0,-24,-10,-32,260,240,89,130,1,NULL,NULL,NULL,NULL,1,NULL,NULL
2019-01-03,52,0,0,0,-16,33,-43,220,210,76,121,NULL,NULL,NULL,NULL,NULL,NULL,NULL,NULL
2019-01-04,36,0,0,0,28,89,-5,210,230,63,89,NULL,NULL,NULL,NULL,NULL,NULL,NULL,NULL
2019-01-05,37,0,0,0,38,111,0,250,250,81,107,NULL,NULL,NULL,NULL,NULL,NULL,NULL,NULL
2019-01-06,52,0,0,0,33,44,-10,110,120,98,130,NULL,NULL,NULL,NULL,NULL,NULL,NULL,NULL
2019-01-07,70,112,0,0,64,117,44,200,210,112,165,1,NULL,NULL,NULL,NULL,NULL,NULL,NULL
2019-01-08,65,0,0,0,52,72,-43,270,260,143,219,1,NULL,NULL,NULL,NULL,NULL,NULL,NULL
2019-01-09,61,0,0,0,-49,-43,-93,310,300,103,148,NULL,NULL,NULL,NULL,NULL,NULL,NULL,NULL
2019-01-10,20,0,0,0,-78,-43,-99,330,320,63,85,NULL,NULL,NULL,NULL,NULL,NULL,NULL,NULL
2019-01-11,22,0,0,0,-48,-10,-82,180,170,58,85,NULL,NULL,NULL,NULL,NULL,NULL,NULL,NULL
2019-01-12,51,30,56,0,-10,0,-16,70,70,94,134,1,NULL,NULL,NULL,NULL,NULL,1,NULL
2019-01-13,56,3,8,50,-13,-5,-38,20,50,89,116,1,NULL,NULL,NULL,NULL,NULL,NULL,NULL
2019-01-14,37,0,0,50,-37,-27,-49,250,230,63,89,1,NULL,NULL,NULL,NULL,1,1,NULL
2019-01-15,50,0,0,30,-36,0,-43,220,220,94,139,1,NULL,NULL,NULL,NULL,1,NULL,NULL
2019-01-16,42,0,0,30,-4,11,-21,30,40,72,94,NULL,NULL,NULL,NULL,NULL,1,NULL,NULL
2019-01-17,25,0,0,0,-9,17,-21,300,300,54,63,1,NULL,NULL,NULL,NULL,NULL,1,NULL
2019-01-18,47,30,33,0,-13,-5,-27,60,50,89,116,1,NULL,NULL,NULL,NULL,NULL,NULL,NULL
2019-01-19,90,46,94,100,-31,-21,-116,20,20,139,174,1,NULL,NULL,NULL,NULL,NULL,NULL,1
2019-01-20,60,0,0,130,-112,-99,-155,350,330,94,125,NULL,NULL,NULL,NULL,NULL,NULL,NULL,NULL
2019-01-21,38,0,3,130,-126,-82,-160,140,120,76,103,1,NULL,NULL,NULL,NULL,NULL,1,NULL
2019-01-22,42,46,13,130,-74,6,-105,170,160,89,130,1,NULL,NULL,1,NULL,1,NULL,NULL
2019-01-23,44,56,25,100,-14,11,-71,300,280,76,107,1,1,NULL,NULL,NULL,1,NULL,NULL
2019-01-24,52,0,10,130,-86,-55,-166,270,280,107,157,1,NULL,NULL,NULL,NULL,NULL,1,NULL
2019-01-25,42,8,18,130,-171,-149,-210,280,270,81,121,1,NULL,NULL,NULL,NULL,NULL,NULL,NULL
2019-01-26,26,15,43,180,-166,-110,-216,280,210,63,85,1,NULL,NULL,NULL,NULL,NULL,NULL,NULL
2019-01-27,31,0,0,180,-157,-116,-205,130,120,67,85,NULL,NULL,NULL,NULL,NULL,NULL,NULL,NULL
2019-01-28,57,135,127,230,-76,11,-132,300,290,116,157,1,NULL,NULL,NULL,NULL,1,1,1
2019-01-29,65,0,8,250,-146,-121,-232,260,250,130,197,1,NULL,NULL,NULL,NULL,NULL,1,1
2019-01-30,68,0,0,200,-259,-232,-305,260,250,107,165,NULL,NULL,NULL,NULL,NULL,NULL,NULL,NULL
2019-01-31,28,13,20,200,-261,-171,-293,260,240,58,89,1,NULL,NULL,NULL,NULL,NULL,1,NULL
2019-02-01,23,5,23,230,-139,-60,-171,190,180,54,67,1,NULL,NULL,NULL,NULL,NULL,1,NULL
2019-02-02,50,0,0,230,-36,56,-99,210,200,76,116,1,NULL,NULL,NULL,NULL,NULL,1,NULL
2019-02-03,45,0,0,100,57,89,39,210,200,81,121,1,NULL,NULL,NULL,NULL,NULL,NULL,NULL
2019-02-04,51,13,0,0,85,106,-10,280,240,81,125,1,NULL,NULL,NULL,NULL,NULL,NULL,NULL
2019-02-05,42,79,0,0,-14,6,-43,70,70,81,116,1,NULL,NULL,NULL,NULL,1,NULL,NULL
2019-02-06,38,3,0,0,4,22,0,30,70,76,98,1,1,NULL,NULL,NULL,NULL,NULL,NULL
2019-02-07,58,180,0,0,20,67,-121,260,240,148,228,1,NULL,1,NULL,NULL,NULL,NULL,NULL
2019-02-08,79,0,0,0,-114,-105,-155,250,250,148,215,NULL,NULL,NULL,NULL,NULL,NULL,NULL,1
2019-02-09,26,0,0,0,-112,-43,-155,140,140,58,76,NULL,NULL,NULL,NULL,NULL,NULL,NULL,NULL
2019-02-10,31,10,18,0,-48,-21,-55,110,100,58,72,1,NULL,NULL,NULL,NULL,NULL,1,NULL
2019-02-11,55,48,3,30,-22,-5,-27,70,100,98,143,1,NULL,NULL,1,NULL,1,NULL,NULL
2019-02-12,61,89,38,30,0,11,-71,250,250,125,188,1,NULL,NULL,NULL,NULL,1,NULL,1
2019-02-13,57,3,15,50,-75,-27,-121,260,260,125,188,1,NULL,NULL,NULL,NULL,NULL,NULL,1
2019-02-14,47,0,0,30,23,100,-27,280,270,98,148,NULL,NULL,NULL,NULL,NULL,NULL,1,NULL
2019-02-15,56,0,0,0,-51,0,-132,270,270,107,157,NULL,NULL,NULL,NULL,NULL,NULL,1,NULL
2019-02-16,40,0,0,0,-74,-16,-105,90,100,89,116,NULL,NULL,NULL,NULL,NULL,NULL,NULL,NULL
2019-02-17,50,51,79,0,-37,-27,-43,120,90,81,107,1,1,NULL,NULL,NULL,1,1,NULL
2019-02-18,34,15,46,100,-38,-5,-77,350,350,67,85,1,NULL,NULL,NULL,NULL,NULL,NULL,NULL
2019-02-19,21,0,0,80,-57,17,-110,90,100,58,72,NULL,NULL,NULL,NULL,NULL,NULL,NULL,NULL
2019-02-20,62,23,5,50,-5,33,-21,240,250,107,152,1,NULL,NULL,NULL,NULL,1,NULL,NULL
2019-02-21,48,0,0,30,-6,17,-43,240,250,107,148,NULL,NULL,NULL,NULL,NULL,NULL,NULL,NULL
2019-02-22,34,0,0,0,-19,50,-71,70,70,58,76,NULL,NULL,NULL,NULL,NULL,NULL,1,NULL
2019-02-23,46,191,0,0,20,117,11,240,230,94,143,1,1,1,NULL,NULL,NULL,1,NULL
2019-02-24,109,5,0,0,30,100,-121,260,260,174,268,NULL,NULL,NULL,NULL,NULL,NULL,NULL,NULL
2019-02-25,47,0,0,0,-109,-71,-143,270,280,130,192,NULL,NULL,NULL,NULL,NULL,NULL,NULL,NULL
2019-02-26,56,0,3,0,-84,-49,-105,40,90,89,107,1,NULL,NULL,NULL,NULL,NULL,NULL,NULL
2019-02-27,45,0,0,0,-41,-10,-99,320,300,81,116,1,NULL,NULL,NULL,NULL,NULL,1,NULL
2019-02-28,20,0,0,0,-78,-27,-116,360,320,54,72,NULL,NULL,NULL,NULL,NULL,NULL,NULL,NULL
2019-03-01,26,0,0,0,-29,11,-49,50,50,54,72,NULL,NULL,NULL,NULL,NULL,NULL,NULL,NULL
2019-03-02,38,0,0,0,-16,6,-38,350,360,72,94,1,NULL,NULL,NULL,NULL,NULL,NULL,NULL
2019-03-03,54,0,0,0,-54,-38,-160,350,300,89,112,NULL,NULL,NULL,NULL,NULL,NULL,NULL,NULL
2019-03-04,67,0,0,0,-149,-110,-193,250,230,98,148,NULL,NULL,NULL,NULL,NULL,NULL,1,NULL
2019-03-05,69,0,5,0,-112,-60,-132,290,270,103,148,NULL,NULL,NULL,NULL,NULL,NULL,1,NULL
2019-03-06,53,0,0,0,-87,-10,-127,260,260,98,148,NULL,NULL,NULL,NULL,NULL,NULL,1,NULL
2019-03-07,27,0,0,0,-52,-21,-99,320,70,58,81,NULL,NULL,NULL,NULL,NULL,NULL,NULL,NULL
2019-03-08,24,0,3,0,-22,39,-60,80,80,45,63,1,NULL,NULL,NULL,NULL,NULL,1,NULL
2019-03-09,63,142,0,0,8,61,-32,250,230,130,188,1,NULL,1,NULL,NULL,NULL,1,NULL
2019-03-10,88,0,0,0,26,33,-16,250,250,139,215,1,NULL,NULL,NULL,NULL,NULL,NULL,NULL
2019-03-11,43,0,0,0,0,50,-27,280,270,72,121,NULL,NULL,NULL,NULL,NULL,NULL,NULL,NULL
2019-03-12,41,0,0,0,18,94,-43,180,180,94,134,NULL,NULL,NULL,NULL,NULL,NULL,NULL,NULL
2019-03-13,53,137,0,0,72,144,44,150,140,112,174,1,NULL,NULL,NULL,NULL,NULL,NULL,NULL
2019-03-14,91,102,0,0,129,167,39,240,220,183,268,1,NULL,1,NULL,NULL,NULL,NULL,NULL
2019-03-15,67,0,0,0,33,44,0,240,230,112,170,1,NULL,NULL,NULL,NULL,NULL,NULL,NULL
2019-03-16,38,0,0,0,13,50,-21,300,270,67,103,NULL,NULL,NULL,NULL,NULL,NULL,NULL,NULL
2019-03-17,34,0,0,0,16,61,-21,290,310,81,107,NULL,NULL,NULL,NULL,NULL,NULL,NULL,NULL
2019-03-18,34,0,0,0,19,61,-27,270,280,76,103,NULL,NULL,NULL,NULL,NULL,NULL,NULL,NULL
2019-03-19,35,0,0,0,37,94,-10,210,200,67,89,NULL,NULL,NULL,NULL,NULL,NULL,NULL,NULL
2019-03-20,38,36,0,0,54,67,33,260,210,81,112,1,NULL,NULL,NULL,NULL,NULL,NULL,NULL
2019-03-21,50,0,0,0,43,72,22,350,270,76,107,1,NULL,NULL,NULL,NULL,NULL,NULL,NULL
2019-03-22,49,0,0,0,46,78,-16,30,10,107,130,NULL,NULL,NULL,NULL,NULL,NULL,NULL,NULL
2019-03-23,20,0,0,0,25,117,-38,180,220,54,72,NULL,NULL,NULL,NULL,NULL,NULL,NULL,NULL
2019-03-24,39,13,0,0,75,100,11,20,10,116,148,1,NULL,NULL,NULL,NULL,NULL,NULL,NULL
2019-03-25,78,0,0,0,22,56,-32,20,50,125,157,NULL,NULL,NULL,NULL,NULL,NULL,NULL,NULL
2019-03-26,22,0,0,0,16,89,-49,100,110,58,76,NULL,NULL,NULL,NULL,NULL,NULL,NULL,NULL
2019-03-27,54,3,0,0,54,150,-16,190,180,98,161,NULL,NULL,1,NULL,NULL,NULL,NULL,NULL
2019-03-28,54,0,0,0,118,183,67,30,200,89,125,NULL,NULL,NULL,NULL,NULL,NULL,NULL,NULL
2019-03-29,38,81,0,0,82,139,28,20,30,72,85,1,NULL,NULL,NULL,NULL,NULL,NULL,NULL
2019-03-30,58,18,0,0,43,72,-16,20,20,125,161,1,NULL,NULL,NULL,NULL,NULL,NULL,NULL
2019-03-31,51,0,0,0,-7,44,-49,340,330,94,134,NULL,NULL,NULL,NULL,NULL,NULL,NULL,NULL
2019-04-01,57,0,0,0,17,94,-32,200,210,107,165,NULL,NULL,NULL,NULL,NULL,NULL,NULL,NULL
2019-04-02,63,0,0,0,71,128,39,240,250,112,157,NULL,NULL,NULL,NULL,NULL,NULL,1,NULL
2019-04-03,42,0,0,0,75,144,28,260,240,89,125,NULL,NULL,NULL,NULL,NULL,NULL,NULL,NULL
2019-04-04,44,64,0,0,78,83,39,80,80,81,112,1,NULL,NULL,NULL,NULL,NULL,NULL,NULL
2019-04-05,16,0,0,0,64,139,39,110,120,45,63,1,NULL,NULL,NULL,NULL,NULL,1,NULL
2019-04-06,22,0,0,0,109,189,39,70,80,72,89,1,NULL,NULL,NULL,NULL,NULL,1,NULL
2019-04-07,37,99,0,0,135,194,106,270,270,103,174,1,NULL,1,NULL,NULL,NULL,NULL,NULL
2019-04-08,38,0,0,0,162,228,111,330,330,89,125,NULL,NULL,NULL,NULL,NULL,NULL,NULL,NULL
2019-04-09,53,0,0,0,154,189,39,20,20,148,179,NULL,NULL,NULL,NULL,NULL,NULL,NULL,NULL
2019-04-10,80,33,0,0,47,39,11,80,60,125,174,1,NULL,NULL,1,NULL,NULL,NULL,NULL
2019-04-11,72,71,0,0,57,133,28,80,60,112,170,1,NULL,1,NULL,NULL,NULL,NULL,NULL
2019-04-12,74,18,0,0,88,106,33,220,230,139,206,1,NULL,NULL,NULL,NULL,NULL,NULL,NULL
2019-04-13,55,0,0,0,58,111,17,260,280,98,139,NULL,NULL,NULL,NULL,NULL,NULL,NULL,NULL
2019-04-14,81,175,137,0,27,39,0,20,20,139,183,1,1,NULL,NULL,NULL,NULL,NULL,NULL
2019-04-15,37,0,0,80,32,111,-5,210,330,72,107,1,NULL,NULL,NULL,NULL,NULL,NULL,NULL
2019-04-16,46,0,0,0,133,228,72,30,220,94,112,NULL,NULL,NULL,NULL,NULL,NULL,NULL,NULL
2019-04-17,54,0,0,0,128,250,67,200,210,107,161,1,NULL,NULL,NULL,NULL,NULL,1,NULL
2019-04-18,54,79,0,0,147,183,67,330,220,94,125,1,NULL,NULL,NULL,NULL,NULL,NULL,NULL
2019-04-19,116,0,0,0,72,106,50,20,360,165,219,NULL,NULL,NULL,NULL,NULL,NULL,NULL,NULL
2019-04-20,62,0,0,0,97,178,22,30,30,134,174,NULL,NULL,NULL,NULL,NULL,NULL,NULL,NULL
2019-04-21,39,0,0,0,146,250,67,160,170,89,121,NULL,NULL,NULL,NULL,NULL,NULL,NULL,NULL
2019-04-22,59,5,0,0,201,267,144,200,180,112,161,NULL,NULL,1,NULL,NULL,NULL,NULL,NULL
2019-04-23,40,0,0,0,151,183,94,310,270,94,130,1,NULL,NULL,NULL,NULL,NULL,NULL,NULL
2019-04-24,26,0,0,0,115,178,56,150,150,54,81,NULL,NULL,NULL,NULL,NULL,NULL,NULL,NULL
2019-04-25,30,48,0,0,137,194,78,360,360,139,170,1,NULL,NULL,NULL,NULL,NULL,1,NULL
2019-04-26,64,5,0,0,131,172,94,320,310,116,161,NULL,NULL,NULL,NULL,NULL,NULL,NULL,NULL
2019-04-27,56,201,64,0,58,94,0,30,30,125,161,1,NULL,NULL,NULL,NULL,NULL,NULL,NULL
2019-04-28,43,0,0,0,39,111,-5,60,110,76,103,NULL,NULL,NULL,NULL,NULL,NULL,NULL,NULL
2019-04-29,40,401,0,0,73,106,61,150,160,103,143,1,NULL,NULL,NULL,NULL,NULL,NULL,NULL
2019-04-30,56,330,0,0,69,83,33,60,90,94,125,1,NULL,1,NULL,NULL,NULL,NULL,NULL
2019-05-01,37,203,0,0,100,144,61,240,260,94,148,1,NULL,NULL,NULL,NULL,NULL,NULL,NULL
2019-05-02,46,155,0,0,68,83,50,40,30,76,94,1,1,NULL,NULL,NULL,NULL,NULL,NULL
2019-05-03,50,3,0,0,86,128,44,30,20,89,130,1,NULL,NULL,NULL,NULL,NULL,NULL,NULL
2019-05-04,24,0,0,0,97,172,33,40,60,58,81,NULL,NULL,NULL,NULL,NULL,NULL,NULL,NULL
2019-05-05,29,0,0,0,146,228,78,360,330,103,148,NULL,NULL,NULL,NULL,NULL,NULL,NULL,NULL
2019-05-06,45,13,0,0,152,211,72,30,20,112,130,NULL,NULL,NULL,NULL,NULL,NULL,NULL,NULL
2019-05-07,65,107,0,0,80,100,61,40,40,98,130,1,NULL,NULL,NULL,NULL,NULL,NULL,NULL
2019-05-08,54,81,0,0,101,200,78,70,70,89,125,1,NULL,NULL,NULL,NULL,NULL,NULL,NULL
2019-05-09,51,201,0,0,163,194,78,250,250,112,143,1,NULL,NULL,NULL,NULL,NULL,NULL,NULL
2019-05-10,38,0,0,0,98,144,67,320,300,72,103,NULL,NULL,NULL,NULL,NULL,NULL,NULL,NULL
2019-05-11,38,30,0,0,87,117,67,60,70,67,94,NULL,NULL,NULL,NULL,NULL,NULL,NULL,NULL
2019-05-12,51,13,0,0,79,111,56,40,40,81,112,NULL,NULL,NULL,NULL,NULL,NULL,NULL,NULL
2019-05-13,33,0,0,0,98,161,56,30,350,67,94,NULL,NULL,NULL,NULL,NULL,NULL,NULL,NULL
2019-05-14,21,0,0,0,124,217,50,110,120,67,89,NULL,NULL,NULL,NULL,NULL,NULL,NULL,NULL
2019-05-15,23,0,0,0,168,239,100,230,250,58,76,NULL,NULL,NULL,NULL,NULL,NULL,NULL,NULL
2019-05-16,43,112,0,0,190,250,156,240,240,116,161,1,NULL,1,NULL,1,NULL,NULL,NULL
2019-05-17,55,15,0,0,144,200,72,20,20,112,143,NULL,NULL,1,NULL,NULL,NULL,NULL,NULL
2019-05-18,34,104,0,0,132,267,67,130,120,89,112,1,NULL,1,NULL,NULL,NULL,NULL,NULL
2019-05-19,65,18,0,0,171,233,83,250,240,130,192,1,NULL,1,NULL,NULL,NULL,NULL,NULL
2019-05-20,47,0,0,0,118,139,72,300,290,94,125,NULL,NULL,NULL,NULL,NULL,NULL,NULL,NULL
2019-05-21,67,84,0,0,92,122,72,110,110,125,179,1,NULL,1,NULL,NULL,NULL,NULL,NULL
2019-05-22,66,150,0,0,163,278,94,110,100,134,183,1,NULL,1,NULL,NULL,NULL,NULL,NULL
2019-05-23,51,20,0,0,213,233,161,260,260,107,152,1,NULL,1,NULL,NULL,NULL,NULL,NULL
2019-05-24,34,66,0,0,168,239,122,340,100,81,103,1,NULL,1,NULL,NULL,NULL,NULL,NULL
2019-05-25,52,0,0,0,231,272,211,260,240,107,174,NULL,NULL,NULL,NULL,NULL,NULL,NULL,NULL
2019-05-26,26,0,0,0,211,233,122,30,30,67,85,NULL,NULL,NULL,NULL,NULL,NULL,NULL,NULL
2019-05-27,34,488,0,0,162,228,117,120,100,130,161,1,NULL,1,NULL,NULL,NULL,NULL,NULL
2019-05-28,42,160,0,0,181,211,111,10,10,170,201,1,NULL,1,NULL,NULL,NULL,NULL,NULL
2019-05-29,29,18,0,0,153,239,111,340,340,103,143,1,NULL,NULL,NULL,NULL,NULL,NULL,NULL
2019-05-30,30,56,0,0,189,256,156,300,300,76,103,1,NULL,1,NULL,NULL,NULL,NULL,NULL
2019-05-31,42,0,0,0,214,272,156,230,250,89,116,NULL,NULL,NULL,NULL,NULL,NULL,NULL,NULL
2019-06-01,40,0,0,0,217,267,117,10,10,112,174,NULL,NULL,1,NULL,NULL,NULL,NULL,NULL
2019-06-02,39,0,0,0,156,211,106,30,360,81,112,NULL,NULL,NULL,NULL,NULL,NULL,NULL,NULL
2019-06-03,36,0,0,0,143,194,94,70,30,58,81,NULL,NULL,NULL,NULL,NULL,NULL,NULL,NULL
2019-06-04,47,74,0,0,179,278,133,200,230,98,139,1,NULL,1,NULL,NULL,NULL,NULL,NULL
2019-06-05,42,74,0,0,236,283,150,40,290,98,157,1,NULL,1,NULL,NULL,NULL,NULL,NULL
2019-06-06,31,0,0,0,186,239,133,40,30,54,72,1,NULL,NULL,NULL,NULL,NULL,1,NULL
2019-06-07,40,0,0,0,190,256,128,40,50,76,112,NULL,NULL,NULL,NULL,NULL,NULL,NULL,NULL
2019-06-08,41,0,0,0,194,244,139,60,60,76,112,NULL,NULL,NULL,NULL,NULL,NULL,NULL,NULL
2019-06-09,26,0,0,0,204,239,172,60,60,58,76,1,NULL,NULL,NULL,NULL,NULL,NULL,NULL
2019-06-10,61,0,0,0,193,233,156,310,310,112,165,1,NULL,NULL,NULL,NULL,NULL,NULL,NULL
2019-06-11,37,0,0,0,204,278,139,180,190,67,94,NULL,NULL,NULL,NULL,NULL,NULL,NULL,NULL
2019-06-12,45,191,0,0,197,217,111,330,200,107,161,1,NULL,NULL,NULL,NULL,NULL,NULL,NULL
2019-06-13,63,13,0,0,144,200,106,320,340,112,157,NULL,NULL,NULL,NULL,NULL,NULL,NULL,NULL
2019-06-14,65,13,0,0,182,267,111,230,230,139,201,1,NULL,NULL,NULL,NULL,NULL,NULL,NULL
2019-06-15,37,5,0,0,192,211,122,210,210,76,112,1,NULL,NULL,NULL,NULL,NULL,NULL,NULL
2019-06-16,43,18,0,0,139,156,122,30,20,76,98,1,NULL,NULL,NULL,NULL,NULL,NULL,NULL
2019-06-17,34,0,0,0,150,194,128,20,40,54,76,1,NULL,NULL,NULL,NULL,NULL,NULL,NULL
2019-06-18,19,0,0,0,177,256,122,110,100,45,72,1,1,NULL,NULL,NULL,NULL,1,NULL
2019-06-19,42,46,0,0,192,222,133,360,10,89,107,1,NULL,NULL,NULL,NULL,NULL,1,NULL
2019-06-20,44,71,0,0,156,217,122,360,350,76,103,1,NULL,NULL,NULL,NULL,NULL,NULL,NULL
2019-06-21,32,0,0,0,171,222,111,40,40,76,98,NULL,NULL,NULL,NULL,NULL,NULL,NULL,NULL
2019-06-22,46,0,0,0,192,261,144,100,100,107,139,NULL,NULL,NULL,NULL,NULL,NULL,NULL,NULL
2019-06-23,46,97,0,0,228,272,172,160,180,81,130,1,NULL,1,NULL,NULL,NULL,NULL,NULL
2019-06-24,43,43,0,0,218,256,189,260,280,107,170,1,NULL,1,NULL,NULL,NULL,NULL,NULL
2019-06-25,50,36,0,0,222,294,167,250,250,112,215,NULL,NULL,1,NULL,NULL,NULL,NULL,NULL
2019-06-26,26,38,0,0,257,317,200,40,320,63,89,NULL,NULL,1,NULL,NULL,NULL,NULL,NULL
2019-06-27,34,5,0,0,251,317,200,320,330,130,170,NULL,NULL,1,NULL,NULL,NULL,NULL,NULL
2019-06-28,34,3,0,0,243,322,217,10,360,98,130,NULL,NULL,1,NULL,NULL,NULL,NULL,NULL
2019-06-29,23,0,0,0,258,306,206,70,80,54,81,NULL,NULL,NULL,NULL,NULL,NULL,NULL,NULL
2019-06-30,26,51,0,0,254,328,211,350,350,206,268,1,NULL,1,NULL,NULL,NULL,NULL,NULL
2019-07-01,28,0,0,0,251,317,206,300,280,72,112,NULL,NULL,NULL,NULL,NULL,NULL,NULL,NULL
2019-07-02,44,3,0,0,288,333,233,40,40,103,130,NULL,NULL,1,NULL,NULL,NULL,NULL,NULL
2019-07-03,30,104,0,0,253,300,206,230,260,63,89,1,NULL,1,NULL,NULL,NULL,NULL,NULL
2019-07-04,37,0,0,0,256,328,211,210,230,72,98,1,NULL,NULL,NULL,NULL,NULL,1,NULL
2019-07-05,27,119,0,0,274,328,228,230,250,134,188,NULL,NULL,1,NULL,NULL,NULL,NULL,NULL
2019-07-06,56,0,0,0,254,283,194,20,10,116,148,1,NULL,NULL,NULL,NULL,NULL,NULL,NULL
2019-07-07,62,0,0,0,212,250,178,10,20,89,112,NULL,NULL,NULL,NULL,NULL,NULL,NULL,NULL
2019-07-08,30,0,0,0,216,283,156,50,40,63,85,NULL,NULL,NULL,NULL,NULL,NULL,NULL,NULL
2019-07-09,32,0,0,0,234,311,161,180,150,63,116,NULL,NULL,NULL,NULL,NULL,NULL,NULL,NULL
2019-07-10,47,3,0,0,286,344,239,260,280,89,125,NULL,NULL,NULL,NULL,NULL,NULL,NULL,NULL
2019-07-11,36,0,0,0,253,278,183,20,20,72,98,NULL,NULL,NULL,NULL,NULL,NULL,NULL,NULL
2019-07-12,27,0,0,0,221,306,150,220,220,67,89,NULL,NULL,NULL,NULL,NULL,NULL,NULL,NULL
2019-07-13,43,0,0,0,277,344,222,30,240,81,103,NULL,NULL,NULL,NULL,NULL,NULL,NULL,NULL
2019-07-14,29,0,0,0,263,328,211,80,70,67,94,NULL,NULL,1,NULL,NULL,NULL,NULL,NULL
2019-07-15,52,0,0,0,272,333,233,190,180,112,157,NULL,NULL,NULL,NULL,NULL,NULL,NULL,NULL
2019-07-16,29,13,0,0,251,278,217,170,160,67,94,1,NULL,NULL,NULL,NULL,NULL,NULL,NULL
2019-07-17,24,119,0,0,269,333,233,190,180,116,183,1,NULL,1,NULL,NULL,NULL,1,NULL
2019-07-18,49,345,0,0,252,306,217,200,200,112,174,1,NULL,1,NULL,NULL,NULL,NULL,NULL
2019-07-19,53,0,0,0,297,339,272,210,210,81,116,NULL,NULL,NULL,NULL,NULL,NULL,NULL,NULL
2019-07-20,52,20,0,0,294,350,228,10,350,143,183,1,NULL,1,NULL,NULL,NULL,NULL,NULL
2019-07-21,55,193,0,0,231,261,194,30,20,103,121,1,NULL,1,NULL,NULL,NULL,1,NULL
2019-07-22,57,0,0,0,213,239,167,30,30,112,157,NULL,NULL,NULL,NULL,NULL,NULL,NULL,NULL
2019-07-23,34,0,0,0,211,267,167,360,320,76,103,NULL,NULL,NULL,NULL,NULL,NULL,NULL,NULL
2019-07-24,23,0,0,0,218,272,167,60,60,58,81,NULL,NULL,NULL,NULL,NULL,NULL,NULL,NULL
2019-07-25,22,0,0,0,229,294,172,170,150,54,72,NULL,NULL,NULL,NULL,NULL,NULL,NULL,NULL
2019-07-26,42,0,0,0,242,294,194,170,200,76,103,NULL,NULL,NULL,NULL,NULL,NULL,NULL,NULL
2019-07-27,61,0,0,0,265,317,217,230,200,103,152,NULL,NULL,NULL,NULL,NULL,NULL,NULL,NULL
2019-07-28,51,0,0,0,273,317,228,220,210,94,125,NULL,NULL,NULL,NULL,NULL,NULL,NULL,NULL
2019-07-29,36,81,0,0,252,278,211,330,310,125,165,1,NULL,1,NULL,NULL,NULL,NULL,NULL
2019-07-30,35,0,0,0,229,256,183,60,40,72,107,NULL,NULL,NULL,NULL,NULL,NULL,NULL,NULL
2019-07-31,40,0,0,0,203,244,150,30,40,76,130,NULL,NULL,NULL,NULL,NULL,NULL,NULL,NULL
2019-08-01,31,0,0,0,203,267,139,30,50,63,89,NULL,NULL,NULL,NULL,NULL,NULL,NULL,NULL
2019-08-02,24,0,0,0,222,283,161,80,80,58,85,NULL,NULL,NULL,NULL,NULL,NULL,NULL,NULL
2019-08-03,17,0,0,0,241,317,172,10,360,54,63,NULL,NULL,NULL,NULL,NULL,NULL,1,NULL
2019-08-04,21,0,0,0,259,317,211,60,80,63,85,NULL,NULL,NULL,NULL,NULL,NULL,NULL,NULL
2019-08-05,37,0,0,0,260,322,211,330,320,103,143,NULL,NULL,NULL,NULL,NULL,NULL,NULL,NULL
2019-08-06,30,3,0,0,245,294,194,310,300,72,103,NULL,NULL,NULL,NULL,NULL,NULL,NULL,NULL
2019-08-07,35,0,0,0,248,311,189,270,250,76,103,NULL,NULL,NULL,NULL,NULL,NULL,NULL,NULL
2019-08-08,45,3,0,0,262,306,194,360,320,98,134,NULL,NULL,1,NULL,NULL,NULL,NULL,NULL
2019-08-09,26,0,0,0,226,283,167,290,330,63,98,NULL,NULL,NULL,NULL,NULL,NULL,NULL,NULL
2019-08-10,24,0,0,0,234,300,194,110,80,67,85,NULL,NULL,NULL,NULL,NULL,NULL,NULL,NULL
2019-08-11,33,0,0,0,236,278,194,190,190,67,98,NULL,NULL,NULL,NULL,NULL,NULL,NULL,NULL
2019-08-12,22,127,0,0,244,289,217,90,80,63,81,1,NULL,NULL,NULL,NULL,NULL,NULL,NULL
2019-08-13,30,48,0,0,240,300,194,30,30,89,112,1,NULL,1,NULL,NULL,NULL,NULL,NULL
2019-08-14,32,0,0,0,222,283,189,20,20,89,116,NULL,NULL,NULL,NULL,NULL,NULL,NULL,NULL
2019-08-15,35,0,0,0,212,261,172,50,40,76,103,NULL,NULL,NULL,NULL,NULL,NULL,NULL,NULL
2019-08-16,34,0,0,0,221,289,178,230,170,76,116,NULL,NULL,NULL,NULL,NULL,NULL,NULL,NULL
2019-08-17,22,46,0,0,229,250,194,100,190,54,67,1,NULL,1,NULL,NULL,NULL,1,NULL
2019-08-18,35,218,0,0,231,278,200,230,230,98,157,1,NULL,1,NULL,NULL,NULL,NULL,NULL
2019-08-19,21,0,0,0,242,294,200,50,50,58,76,NULL,NULL,NULL,NULL,NULL,NULL,NULL,NULL
2019-08-20,17,89,0,0,235,244,200,70,260,76,121,1,NULL,1,NULL,NULL,NULL,NULL,NULL
2019-08-21,28,5,0,0,228,283,183,260,270,72,103,NULL,NULL,1,NULL,NULL,NULL,NULL,NULL
2019-08-22,47,0,0,0,219,244,178,30,30,89,116,NULL,NULL,NULL,NULL,NULL,NULL,NULL,NULL
2019-08-23,46,0,0,0,198,233,144,30,30,81,134,NULL,NULL,NULL,NULL,NULL,NULL,NULL,NULL
2019-08-24,36,0,0,0,193,239,156,60,90,76,103,NULL,NULL,NULL,NULL,NULL,NULL,NULL,NULL
2019-08-25,46,0,0,0,203,256,161,100,100,81,112,NULL,NULL,NULL,NULL,NULL,NULL,NULL,NULL
2019-08-26,43,356,0,0,212,244,178,150,170,89,125,1,NULL,1,NULL,NULL,NULL,NULL,NULL
2019-08-27,44,0,0,0,220,261,183,260,240,76,116,NULL,NULL,NULL,NULL,NULL,NULL,NULL,NULL
2019-08-28,52,0,0,0,201,239,150,270,250,107,170,NULL,NULL,NULL,NULL,NULL,NULL,NULL,NULL
2019-08-29,57,0,0,0,210,289,144,230,250,112,179,NULL,NULL,NULL,NULL,NULL,NULL,NULL,NULL
2019-08-30,26,0,0,0,209,233,150,40,30,58,67,NULL,NULL,NULL,NULL,NULL,NULL,NULL,NULL
2019-08-31,42,28,0,0,194,239,161,110,90,81,103,1,NULL,NULL,NULL,NULL,NULL,NULL,NULL
2019-09-01,20,86,0,0,194,228,167,90,90,63,76,1,NULL,NULL,NULL,NULL,NULL,NULL,NULL
2019-09-02,29,0,0,0,211,278,161,230,250,58,89,1,NULL,NULL,NULL,NULL,NULL,NULL,NULL
2019-09-03,55,56,0,0,224,267,194,160,180,134,183,1,NULL,1,NULL,NULL,NULL,NULL,NULL
2019-09-04,40,0,0,0,198,206,150,30,50,67,85,NULL,NULL,NULL,NULL,NULL,NULL,NULL,NULL
2019-09-05,22,0,0,0,177,233,133,100,80,63,76,NULL,NULL,NULL,NULL,NULL,NULL,NULL,NULL
2019-09-06,50,0,0,0,196,222,161,350,330,76,103,NULL,NULL,NULL,NULL,NULL,NULL,NULL,NULL
2019-09-07,37,0,0,0,191,256,133,300,280,76,107,NULL,NULL,NULL,NULL,NULL,NULL,NULL,NULL
2019-09-08,37,8,0,0,184,189,167,80,60,63,85,NULL,NULL,NULL,NULL,NULL,NULL,NULL,NULL
2019-09-09,34,5,0,0,192,244,167,150,150,72,103,NULL,NULL,NULL,NULL,NULL,NULL,NULL,NULL
2019-09-10,42,0,0,0,256,322,217,200,200,98,152,NULL,NULL,NULL,NULL,NULL,NULL,NULL,NULL
2019-09-11,41,48,0,0,269,317,200,330,330,116,161,1,NULL,1,NULL,NULL,NULL,NULL,NULL
2019-09-12,36,71,0,0,222,256,172,330,70,67,89,1,1,1,NULL,NULL,NULL,NULL,NULL
2019-09-13,53,343,0,0,226,250,167,260,280,116,179,1,NULL,1,NULL,NULL,NULL,NULL,NULL
2019-09-14,34,15,0,0,193,267,133,190,190,89,139,NULL,NULL,1,NULL,NULL,NULL,NULL,NULL
2019-09-15,36,109,0,0,214,256,172,200,210,81,116,1,NULL,1,NULL,NULL,NULL,NULL,NULL
2019-09-16,35,0,0,0,218,233,178,10,30,63,85,1,NULL,NULL,NULL,NULL,NULL,1,NULL
2019-09-17,27,0,0,0,207,256,183,100,70,58,76,1,NULL,NULL,NULL,NULL,NULL,NULL,NULL
2019-09-18,33,0,0,0,216,278,167,150,160,63,85,NULL,NULL,NULL,NULL,NULL,NULL,NULL,NULL
2019-09-19,25,3,0,0,223,283,172,110,110,63,81,NULL,NULL,NULL,NULL,NULL,NULL,NULL,NULL
2019-09-20,17,0,0,0,234,289,200,210,210,54,67,NULL,NULL,NULL,NULL,NULL,NULL,NULL,NULL
2019-09-21,54,43,0,0,239,256,217,200,180,112,170,1,NULL,NULL,NULL,NULL,NULL,NULL,NULL
2019-09-22,45,373,0,0,223,250,189,210,210,103,148,1,NULL,NULL,NULL,NULL,NULL,NULL,NULL
2019-09-23,40,0,0,0,193,233,150,300,270,89,130,NULL,NULL,NULL,NULL,NULL,NULL,NULL,NULL
2019-09-24,54,0,0,0,194,261,144,210,210,94,143,NULL,NULL,NULL,NULL,NULL,NULL,NULL,NULL
2019-09-25,57,0,0,0,213,261,167,230,220,94,143,NULL,NULL,NULL,NULL,NULL,NULL,NULL,NULL
2019-09-26,40,0,0,0,186,222,133,280,280,81,116,NULL,NULL,NULL,NULL,NULL,NULL,NULL,NULL
2019-09-27,47,579,0,0,174,206,144,190,170,103,157,1,NULL,1,NULL,NULL,NULL,NULL,NULL
2019-09-28,61,48,0,0,163,189,117,30,30,103,130,1,NULL,1,NULL,NULL,NULL,NULL,NULL
2019-09-29,34,145,0,0,161,189,156,100,90,76,103,1,NULL,NULL,NULL,NULL,NULL,NULL,NULL
2019-09-30,39,0,0,0,218,294,172,200,200,76,112,1,1,NULL,NULL,NULL,NULL,NULL,NULL
2019-10-01,45,0,0,0,259,300,200,10,360,103,148,NULL,NULL,NULL,NULL,NULL,NULL,NULL,NULL
2019-10-02,47,447,0,0,188,200,139,20,30,81,112,1,NULL,1,NULL,NULL,NULL,NULL,NULL
2019-10-03,46,145,0,0,159,194,94,300,270,89,125,1,NULL,1,NULL,NULL,NULL,NULL,NULL
2019-10-04,49,0,0,0,110,144,72,20,20,94,112,NULL,NULL,NULL,NULL,NULL,NULL,NULL,NULL
2019-10-05,42,69,0,0,126,172,89,160,170,89,125,1,NULL,NULL,NULL,NULL,NULL,NULL,NULL
2019-10-06,43,0,0,0,148,194,94,270,290,76,107,NULL,NULL,NULL,NULL,NULL,NULL,NULL,NULL
2019-10-07,33,0,0,0,148,206,89,290,270,72,112,NULL,NULL,NULL,NULL,NULL,NULL,NULL,NULL
2019-10-08,19,0,0,0,139,211,78,180,230,54,72,NULL,NULL,NULL,NULL,NULL,NULL,1,NULL
2019-10-09,35,0,0,0,154,211,100,90,80,67,89,NULL,NULL,NULL,NULL,NULL,NULL,NULL,NULL
2019-10-10,39,48,0,0,164,211,122,150,160,89,130,1,NULL,NULL,NULL,NULL,NULL,NULL,NULL
2019-10-11,55,150,0,0,154,194,39,250,250,98,143,1,NULL,1,NULL,NULL,NULL,NULL,NULL
2019-10-12,62,0,0,0,59,122,17,210,230,125,174,NULL,NULL,NULL,NULL,NULL,NULL,1,NULL
2019-10-13,47,0,0,0,74,111,28,250,240,116,165,NULL,NULL,NULL,NULL,NULL,NULL,NULL,NULL
2019-10-14,31,0,0,0,71,122,28,250,270,67,98,NULL,NULL,NULL,NULL,NULL,NULL,NULL,NULL
2019-10-15,47,0,0,0,100,167,50,300,300,125,192,1,NULL,NULL,NULL,NULL,NULL,NULL,NULL
2019-10-16,63,0,0,0,93,111,50,320,320,130,179,NULL,NULL,NULL,NULL,NULL,NULL,NULL,NULL
2019-10-17,25,0,0,0,78,122,44,350,350,58,76,NULL,NULL,NULL,NULL,NULL,NULL,NULL,NULL
2019-10-18,31,0,0,0,82,150,33,160,180,72,89,NULL,NULL,NULL,NULL,NULL,NULL,NULL,NULL
2019-10-19,35,0,0,0,119,200,67,200,210,72,103,NULL,NULL,NULL,NULL,NULL,NULL,NULL,NULL
2019-10-20,33,0,0,0,135,172,89,300,290,58,76,1,NULL,NULL,NULL,NULL,NULL,NULL,NULL
2019-10-21,70,13,0,0,134,194,100,210,230,143,241,1,1,NULL,NULL,NULL,NULL,NULL,NULL
2019-10-22,77,3,0,0,100,106,67,240,240,130,201,NULL,NULL,NULL,NULL,NULL,NULL,NULL,NULL
2019-10-23,39,5,0,0,86,144,39,350,360,89,116,NULL,NULL,NULL,NULL,NULL,NULL,NULL,NULL
2019-10-24,28,0,0,0,84,100,56,350,360,63,81,NULL,NULL,NULL,NULL,NULL,NULL,NULL,NULL
2019-10-25,17,0,0,0,69,89,28,240,300,40,63,NULL,NULL,NULL,NULL,NULL,NULL,NULL,NULL
2019-10-26,56,554,0,0,56,89,22,20,20,125,165,1,NULL,NULL,NULL,NULL,NULL,1,NULL
2019-10-27,43,10,0,0,92,144,56,310,290,98,157,1,NULL,NULL,NULL,NULL,NULL,NULL,NULL
2019-10-28,17,0,0,0,84,94,50,90,100,54,67,1,NULL,NULL,NULL,NULL,NULL,NULL,NULL
2019-10-29,37,38,0,0,46,72,17,350,340,107,139,1,NULL,NULL,NULL,NULL,NULL,NULL,NULL
2019-10-30,55,157,30,30,25,50,0,10,20,103,130,1,NULL,NULL,NULL,NULL,NULL,NULL,NULL
2019-10-31,67,79,86,0,8,6,-38,310,310,112,152,1,NULL,NULL,1,NULL,NULL,NULL,NULL
2019-11-01,43,3,0,50,-6,67,-49,200,280,89,130,1,NULL,NULL,NULL,NULL,NULL,NULL,NULL
2019-11-02,47,0,0,0,33,56,-5,260,250,98,161,1,NULL,NULL,NULL,NULL,NULL,NULL,NULL
2019-11-03,35,0,0,0,38,117,-10,190,180,103,139,NULL,NULL,NULL,NULL,NULL,NULL,NULL,NULL
2019-11-04,48,0,0,0,87,106,33,260,260,89,121,NULL,NULL,NULL,NULL,NULL,NULL,NULL,NULL
2019-11-05,34,0,0,0,32,44,-10,280,240,89,134,NULL,NULL,NULL,NULL,NULL,NULL,NULL,NULL
2019-11-06,51,3,0,0,37,128,-16,210,200,107,161,1,NULL,NULL,1,NULL,1,NULL,NULL
2019-11-07,50,0,3,0,-21,-5,-66,350,330,89,121,1,NULL,NULL,NULL,NULL,NULL,NULL,NULL
2019-11-08,32,0,0,0,-50,0,-88,210,210,63,85,NULL,NULL,NULL,NULL,NULL,NULL,1,NULL
2019-11-09,46,0,0,0,9,78,-27,210,190,81,116,NULL,NULL,NULL,NULL,NULL,NULL,NULL,NULL
2019-11-10,38,10,0,0,48,61,6,360,360,72,85,1,NULL,NULL,NULL,NULL,NULL,NULL,NULL
2019-11-11,75,64,86,50,-22,6,-105,350,350,116,148,1,NULL,NULL,NULL,NULL,NULL,NULL,1
2019-11-12,42,0,0,80,-103,-82,-138,310,300,94,130,NULL,NULL,NULL,NULL,NULL,NULL,NULL,NULL
2019-11-13,52,0,0,50,-91,-27,-116,180,180,94,139,NULL,NULL,NULL,NULL,NULL,NULL,NULL,NULL
2019-11-14,32,3,5,50,-27,-10,-43,250,280,63,89,1,NULL,NULL,NULL,NULL,NULL,NULL,NULL
2019-11-15,27,0,0,50,-27,33,-55,250,260,54,72,NULL,NULL,NULL,NULL,NULL,NULL,NULL,NULL
2019-11-16,24,0,0,30,4,56,-32,130,120,58,72,1,NULL,NULL,NULL,NULL,NULL,1,NULL
2019-11-17,29,10,0,0,5,44,-27,200,200,54,72,1,NULL,NULL,NULL,NULL,NULL,NULL,NULL
2019-11-18,23,0,0,0,26,44,11,310,300,45,63,1,NULL,NULL,NULL,NULL,NULL,NULL,NULL
2019-11-19,13,3,0,0,29,50,17,250,220,36,49,1,NULL,NULL,NULL,NULL,NULL,1,NULL
2019-11-20,29,0,0,0,49,83,33,170,170,76,107,1,NULL,NULL,NULL,NULL,NULL,1,NULL
2019-11-21,66,130,0,0,81,122,28,250,250,130,219,1,NULL,NULL,NULL,NULL,NULL,NULL,NULL
2019-11-22,30,0,0,0,22,33,-21,10,320,76,103,NULL,NULL,NULL,NULL,NULL,NULL,NULL,NULL
2019-11-23,28,0,0,0,-6,44,-43,240,240,54,81,NULL,NULL,NULL,NULL,NULL,NULL,NULL,NULL
2019-11-24,42,0,0,0,33,100,0,230,270,72,107,NULL,NULL,NULL,NULL,NULL,NULL,NULL,NULL
2019-11-25,32,0,0,0,69,117,28,220,220,63,89,NULL,NULL,NULL,NULL,NULL,NULL,NULL,NULL
2019-11-26,34,94,0,0,51,100,0,50,50,72,94,1,NULL,1,NULL,NULL,NULL,NULL,NULL
2019-11-27,94,64,0,0,69,128,6,260,240,170,268,1,NULL,NULL,NULL,NULL,NULL,NULL,NULL
2019-11-28,37,0,0,0,10,28,-5,320,300,94,125,1,NULL,NULL,NULL,NULL,NULL,NULL,NULL
2019-11-29,29,0,0,0,21,44,6,120,120,76,98,1,NULL,NULL,NULL,NULL,NULL,NULL,NULL
2019-11-30,59,94,0,0,29,44,22,110,120,125,165,1,NULL,1,NULL,NULL,NULL,NULL,NULL
2019-12-01,45,28,3,0,41,50,-5,340,330,89,125,1,NULL,NULL,NULL,NULL,NULL,NULL,NULL
2019-12-02,46,0,0,0,-2,17,-16,340,320,94,130,NULL,NULL,NULL,NULL,NULL,NULL,NULL,NULL
2019-12-03,53,0,0,0,2,44,-16,240,220,81,116,NULL,NULL,NULL,NULL,NULL,NULL,NULL,NULL
2019-12-04,54,0,0,0,26,61,-5,300,300,112,170,NULL,NULL,NULL,NULL,NULL,NULL,NULL,NULL
2019-12-05,30,0,0,0,21,72,-27,180,210,58,81,NULL,NULL,NULL,NULL,NULL,NULL,NULL,NULL
2019-12-06,44,0,0,0,36,56,-27,360,350,116,157,NULL,NULL,NULL,NULL,NULL,NULL,NULL,NULL
2019-12-07,37,0,0,0,-7,28,-38,200,200,72,98,NULL,NULL,NULL,NULL,NULL,NULL,NULL,NULL
2019-12-08,46,0,0,0,36,83,11,200,200,89,125,1,NULL,NULL,NULL,NULL,NULL,1,NULL
2019-12-09,58,13,0,0,77,83,-43,270,280,125,197,1,NULL,NULL,NULL,NULL,NULL,NULL,NULL
2019-12-10,53,0,0,0,-56,-43,-99,260,260,98,139,NULL,NULL,NULL,NULL,NULL,NULL,NULL,NULL
2019-12-11,33,0,3,0,-78,-43,-105,250,260,89,130,1,NULL,NULL,NULL,NULL,NULL,NULL,NULL
2019-12-12,55,0,0,0,-22,72,-71,190,190,107,157,NULL,NULL,NULL,NULL,NULL,NULL,NULL,NULL
2019-12-13,22,0,0,0,43,72,11,200,200,58,85,NULL,NULL,NULL,NULL,NULL,NULL,NULL,NULL
2019-12-14,42,0,0,0,4,17,-43,300,280,89,130,1,NULL,NULL,NULL,NULL,NULL,NULL,NULL
2019-12-15,27,0,0,0,-47,-32,-71,310,310,72,94,1,NULL,NULL,NULL,NULL,NULL,NULL,NULL
2019-12-16,30,3,8,0,-33,-10,-43,350,350,63,76,1,NULL,NULL,NULL,NULL,NULL,NULL,NULL
2019-12-17,48,0,0,0,-39,-16,-71,270,280,94,125,NULL,NULL,NULL,NULL,NULL,NULL,1,NULL
2019-12-18,39,0,0,0,-67,-27,-121,330,330,76,112,NULL,NULL,NULL,NULL,NULL,NULL,NULL,NULL
2019-12-19,38,0,0,0,-51,17,-93,220,220,89,125,1,NULL,NULL,NULL,NULL,NULL,NULL,NULL
2019-12-20,25,0,0,0,-12,50,-49,180,180,58,76,1,NULL,NULL,NULL,NULL,NULL,1,NULL
2019-12-21,34,0,0,0,31,83,0,220,220,67,89,NULL,NULL,NULL,NULL,NULL,NULL,NULL,NULL
2019-12-22,45,0,0,0,43,111,6,220,200,72,103,NULL,NULL,NULL,NULL,NULL,NULL,NULL,NULL
2019-12-23,34,0,0,0,56,111,6,250,240,67,98,1,NULL,NULL,NULL,NULL,NULL,NULL,NULL
2019-12-24,36,0,0,0,43,128,-10,170,170,76,107,1,1,NULL,NULL,NULL,NULL,1,NULL
2019-12-25,39,0,0,0,86,139,28,220,210,76,116,NULL,NULL,NULL,NULL,NULL,NULL,NULL,NULL
2019-12-26,50,0,0,0,131,161,28,220,210,81,134,NULL,NULL,NULL,NULL,NULL,NULL,NULL,NULL
2019-12-27,32,0,0,0,27,28,-21,260,250,76,107,1,NULL,NULL,NULL,NULL,NULL,NULL,NULL
2019-12-28,31,71,0,0,12,89,-27,130,110,63,76,1,NULL,1,NULL,NULL,NULL,1,NULL
2019-12-29,49,236,0,0,111,139,83,100,190,98,139,1,NULL,NULL,NULL,NULL,NULL,NULL,NULL
2019-12-30,79,23,18,0,36,83,-27,240,240,134,201,1,NULL,NULL,NULL,NULL,NULL,NULL,NULL
2019-12-31,65,20,20,50,-32,-21,-43,250,240,134,192,1,NULL,NULL,NULL,NULL,NULL,NULL,NULL
